{
  "project_info": {
    "project_number": "250728969979",
    "project_id": "grofresh-3986f",
    "storage_bucket": "grofresh-3986f.appspot.com"
  },
  "client": [
    {
      "client_info": {
        "mobilesdk_app_id": "1:250728969979:android:b5851c79fde8721b75a25e",
        "android_client_info": {
          "package_name": "com.sixamtech.grofresh"
        }
      },
      "oauth_client": [
        {
          "client_id": "250728969979-9upmf2cj2jhga4iud6r76c086kr30ef9.apps.googleusercontent.com",
          "client_type": 1,
          "android_info": {
            "package_name": "com.sixamtech.grofresh",
            "certificate_hash": "fbc059e3da8cefd7e4297e67d7d7a29d30b390b4"
          }
        },
        {
          "client_id": "250728969979-phec12tcero8obfv5n9ik2sgu4cqat45.apps.googleusercontent.com",
          "client_type": 1,
          "android_info": {
            "package_name": "com.sixamtech.grofresh",
            "certificate_hash": "b9b0e55da089ae006457e4a7525d5d81e69555fc"
          }
        },
        {
          "client_id": "250728969979-sd7rcuvbrvpqg2dojp7kamafnpcohkid.apps.googleusercontent.com",
          "client_type": 1,
          "android_info": {
            "package_name": "com.sixamtech.grofresh",
            "certificate_hash": "5174bb127f738b159ef1dd0a987166a682761bf3"
          }
        },
        {
          "client_id": "250728969979-u07k1sjpmgqcjmk377kq8mrlus2a6ppk.apps.googleusercontent.com",
          "client_type": 1,
          "android_info": {
            "package_name": "com.sixamtech.grofresh",
            "certificate_hash": "cd0ac511cd390e4642666eb8571050d5fe8aa319"
          }
        },
        {
          "client_id": "250728969979-9nqsmhb458assn7q1a68cgasgg5q5mtg.apps.googleusercontent.com",
          "client_type": 3
        }
      ],
      "api_key": [
        {
          "current_key": "AIzaSyDTFm7oPur3xhZbVmCkgFkGFcR-44h6Gyo"
        }
      ],
      "services": {
        "appinvite_service": {
          "other_platform_oauth_client": [
            {
              "client_id": "250728969979-9nqsmhb458assn7q1a68cgasgg5q5mtg.apps.googleusercontent.com",
              "client_type": 3
            },
            {
              "client_id": "250728969979-b05c7sun47gqiek1rtp65oaa7knlas36.apps.googleusercontent.com",
              "client_type": 2,
              "ios_info": {
                "bundle_id": "com.sixamtech.grofresh",
                "app_store_id": "6466999531"
              }
            }
          ]
        }
      }
    },
    {
      "client_info": {
        "mobilesdk_app_id": "1:250728969979:android:1dea8003236ec9b275a25e",
        "android_client_info": {
          "package_name": "com.sixamtech.grofresh"
        }
      },
      "oauth_client": [
        {
          "client_id": "250728969979-9nqsmhb458assn7q1a68cgasgg5q5mtg.apps.googleusercontent.com",
          "client_type": 3
        }
      ],
      "api_key": [
        {
          "current_key": "AIzaSyDTFm7oPur3xhZbVmCkgFkGFcR-44h6Gyo"
        }
      ],
      "services": {
        "appinvite_service": {
          "other_platform_oauth_client": [
            {
              "client_id": "250728969979-9nqsmhb458assn7q1a68cgasgg5q5mtg.apps.googleusercontent.com",
              "client_type": 3
            },
            {
              "client_id": "250728969979-b05c7sun47gqiek1rtp65oaa7knlas36.apps.googleusercontent.com",
              "client_type": 2,
              "ios_info": {
                "bundle_id": "com.sixamtech.grofresh",
                "app_store_id": "6466999531"
              }
            }
          ]
        }
      }
    },
    {
      "client_info": {
        "mobilesdk_app_id": "1:250728969979:android:375fde0efc7db10a75a25e",
        "android_client_info": {
          "package_name": "com.u6amtech.flutter_grocery"
        }
      },
      "oauth_client": [
        {
          "client_id": "250728969979-1003bfa255ems855bctfbd6tvt8956hg.apps.googleusercontent.com",
          "client_type": 1,
          "android_info": {
            "package_name": "com.u6amtech.flutter_grocery",
            "certificate_hash": "cd0ac511cd390e4642666eb8571050d5fe8aa319"
          }
        },
        {
          "client_id": "250728969979-cqpd7oloid19e09dfbtn0gv8dfu7t5hm.apps.googleusercontent.com",
          "client_type": 1,
          "android_info": {
            "package_name": "com.u6amtech.flutter_grocery",
            "certificate_hash": "5174bb127f738b159ef1dd0a987166a682761bf3"
          }
        },
        {
          "client_id": "250728969979-q1lajc12r92avcjsa92cml70tp5hpjo2.apps.googleusercontent.com",
          "client_type": 1,
          "android_info": {
            "package_name": "com.u6amtech.flutter_grocery",
            "certificate_hash": "b9b0e55da089ae006457e4a7525d5d81e69555fc"
          }
        },
        {
          "client_id": "250728969979-9nqsmhb458assn7q1a68cgasgg5q5mtg.apps.googleusercontent.com",
          "client_type": 3
        }
      ],
      "api_key": [
        {
          "current_key": "AIzaSyDTFm7oPur3xhZbVmCkgFkGFcR-44h6Gyo"
        }
      ],
      "services": {
        "appinvite_service": {
          "other_platform_oauth_client": [
            {
              "client_id": "250728969979-9nqsmhb458assn7q1a68cgasgg5q5mtg.apps.googleusercontent.com",
              "client_type": 3
            },
            {
              "client_id": "250728969979-b05c7sun47gqiek1rtp65oaa7knlas36.apps.googleusercontent.com",
              "client_type": 2,
              "ios_info": {
                "bundle_id": "com.sixamtech.grofresh",
                "app_store_id": "6466999531"
              }
            }
          ]
        }
      }
    },
    {
      "client_info": {
        "mobilesdk_app_id": "1:250728969979:android:945c6fd7f51e95fd75a25e",
        "android_client_info": {
          "package_name": "com.u6amtech.grocery_delivery_boy"
        }
      },
      "oauth_client": [
        {
          "client_id": "250728969979-9nqsmhb458assn7q1a68cgasgg5q5mtg.apps.googleusercontent.com",
          "client_type": 3
        }
      ],
      "api_key": [
        {
          "current_key": "AIzaSyDTFm7oPur3xhZbVmCkgFkGFcR-44h6Gyo"
        }
      ],
      "services": {
        "appinvite_service": {
          "other_platform_oauth_client": [
            {
              "client_id": "250728969979-9nqsmhb458assn7q1a68cgasgg5q5mtg.apps.googleusercontent.com",
              "client_type": 3
            },
            {
              "client_id": "250728969979-b05c7sun47gqiek1rtp65oaa7knlas36.apps.googleusercontent.com",
              "client_type": 2,
              "ios_info": {
                "bundle_id": "com.sixamtech.grofresh",
                "app_store_id": "6466999531"
              }
            }
          ]
        }
      }
    }
  ],
  "configuration_version": "1"
}